{
  "test_start_time": "2025-08-25T18:42:27.150047",
  "test_results": {
    "basic_load_test": {
      "summary": {
        "total_requests": 100,
        "successful_requests": 0,
        "failed_requests": 100,
        "success_rate": "0.00%",
        "max_concurrent_users": 20
      },
      "response_time_stats": {
        "min": 4.025065660476685,
        "max": 4.106518983840942,
        "average": 4.059936842918396,
        "median": 4.059927582740784,
        "p95": 4.091398072242737,
        "p99": 4.106446261405945
      },
      "system_resource_stats": {
        "cpu_usage": {
          "min": 1.7,
          "max": 14.5,
          "average": 4.154455445544555
        },
        "memory_usage": {
          "min": 86.6,
          "max": 99.2,
          "average": 91.89603960396039
        }
      },
      "test_info": {
        "concurrent_users": 20,
        "requests_per_user": 5,
        "total_time": 406.1076080799103,
        "requests_per_second": 0.24624015411285494
      }
    },
    "code_generation_performance": {
      "single_user_performance": {
        "success": false,
        "response_time": 4.053145408630371,
        "error": "HTTPConnectionPool(host='localhost', port=8084): Max retries exceeded with url: /generate (Caused by NewConnectionError('<urllib3.connection.HTTPConnection object at 0x000001AD719E1F50>: Failed to establish a new connection: [WinError 10061] 由于目标计算机积极拒绝，无法连接。'))"
      },
      "concurrent_performance": {
        "summary": {
          "total_requests": 111,
          "successful_requests": 0,
          "failed_requests": 111,
          "success_rate": "0.00%",
          "max_concurrent_users": 5
        },
        "response_time_stats": {
          "min": 4.025065660476685,
          "max": 4.106518983840942,
          "average": 4.058469574730675,
          "median": 4.05778956413269,
          "p95": 4.091393613815308,
          "p99": 4.105646314620972
        },
        "system_resource_stats": {
          "cpu_usage": {
            "min": 1.7,
            "max": 14.5,
            "average": 4.1702702702702705
          },
          "memory_usage": {
            "min": 81.5,
            "max": 99.2,
            "average": 91.20585585585586
          }
        },
        "test_info": {
          "concurrent_users": 5,
          "requests_per_user": 2,
          "total_time": 40.550341844558716,
          "requests_per_second": 2.7373382060623648
        }
      },
      "test_type": "code_generation"
    },
    "cloud_api_performance": {
      "cloud_api_performance": {
        "summary": {
          "total_requests": 141,
          "successful_requests": 0,
          "failed_requests": 141,
          "success_rate": "0.00%",
          "max_concurrent_users": 10
        },
        "response_time_stats": {
          "min": 4.0229387283325195,
          "max": 4.106518983840942,
          "average": 4.0555368957790074,
          "median": 4.056536674499512,
          "p95": 4.091105961799622,
          "p99": 4.103464641571045
        },
        "system_resource_stats": {
          "cpu_usage": {
            "min": 1.3,
            "max": 14.5,
            "average": 3.9476608187134503
          },
          "memory_usage": {
            "min": 81.5,
            "max": 99.2,
            "average": 88.8891812865497
          }
        },
        "test_info": {
          "concurrent_users": 10,
          "requests_per_user": 3,
          "total_time": 121.44685864448547,
          "requests_per_second": 1.1610016230452938
        }
      },
      "test_type": "cloud_api"
    },
    "stress_test": {
      "stress_test_results": [
        {
          "concurrent_users": 10,
          "response_time_avg": 4.050380007359991,
          "success_rate": "0.00%",
          "cpu_usage_avg": 3.765079365079365,
          "memory_usage_avg": 87.06116402116402
        }
      ],
      "performance_bottleneck": {
        "max_stable_users": 0,
        "bottleneck_type": "内存密集型",
        "recommendations": [
          "考虑增加内存或优化内存使用"
        ]
      }
    }
  },
  "test_end_time": "2025-08-25T18:58:43.744576",
  "test_status": "completed",
  "performance_assessment": {
    "overall_score": 10,
    "performance_grade": "需要优化",
    "key_metrics": {
      "success_rate": "0.0%",
      "average_response_time": "4.06s",
      "max_concurrent_users": 0,
      "cpu_usage_avg": "4.2%",
      "memory_usage_avg": "91.9%"
    },
    "recommendations": [
      "提高系统稳定性，减少错误率",
      "优化响应时间，考虑缓存或算法优化",
      "提升系统并发处理能力",
      "优化内存使用，检查内存泄漏"
    ]
  }
}